{"test_accuracy":92.94897151898735,"weight_compression_ratio":4,"_timestamp":1.765652933530468e+09,"_runtime":5,"_wandb":{"runtime":5},"_step":0}