{"_timestamp":1.7656529745306182e+09,"_step":0,"test_accuracy":9.889240506329115,"weight_compression_ratio":22.857142857142858,"_wandb":{"runtime":4},"_runtime":4}