{"_timestamp":1.7656529627596583e+09,"_step":0,"_wandb":{"runtime":4},"_runtime":4,"test_accuracy":22.725474683544302,"weight_compression_ratio":16}