{"_timestamp":1.7656529568845391e+09,"_step":0,"test_accuracy":22.725474683544302,"_wandb":{"runtime":4},"_runtime":4,"weight_compression_ratio":11.428571428571429}