{"_runtime":5,"quant_bits":8,"prune_sparsity":0.5,"_timestamp":1.7656529018152475e+09,"_step":0,"test_accuracy":0.9294897151898734,"_wandb":{"runtime":5}}