{"test_accuracy":92.94897151898735,"weight_compression_ratio":5.714285714285714,"_timestamp":1.7656529392823348e+09,"_wandb":{"runtime":4},"_runtime":4,"_step":0}