{"_wandb":{"runtime":4},"test_accuracy":9.889240506329115,"weight_compression_ratio":32,"_timestamp":1.7656529804380844e+09,"_step":0,"_runtime":4}