{"test_accuracy":22.725474683544302,"weight_compression_ratio":8,"_wandb":{"runtime":4},"_runtime":4,"_timestamp":1.765652950915696e+09,"_step":0}