{"weight_compression_ratio":8,"_timestamp":1.7656529450904186e+09,"_runtime":4,"_wandb":{"runtime":4},"_step":0,"test_accuracy":92.94897151898735}